"ID","Category","Question","Answer","Status","ResponseTimeMs","Timestamp","ErrorMessage"
"1","إجازات","ابغى اعرف كيف اسوي طلب إجازة أمومة من البوابة؟","Sorry, I encountered an error. Please try again.","success","3026","2026-03-20T03:42:11.347Z",""
"2","إجازات","وش الفرق بين إجازة الوضع وإجازة الأمومة؟","Sorry, I encountered an error. Please try again.","success","1027","2026-03-20T03:42:14.398Z",""
"3","إجازات","كيف أقدم على إجازة وضع إذا كان موعد الولادة محدد؟","Sorry, I encountered an error. Please try again.","success","1645","2026-03-20T03:42:18.065Z",""
"4","إجازات","طلعت إجازة وضع ولدت قبل الموعد وش أسوي؟","Sorry, I encountered an error. Please try again.","success","1010","2026-03-20T03:42:21.092Z",""
"5","إجازات","أبي أعرف كيف أرفع مستندات إجازة الأمومة بعد ما سجلت الطلب؟","Sorry, I encountered an error. Please try again.","success","1625","2026-03-20T03:42:24.730Z",""
"6","إجازات","كم مدة إجازة الوضع في النظام؟","Sorry, I encountered an error. Please try again.","success","992","2026-03-20T03:42:27.735Z",""
"7","إجازات","هل تنحسب إجازة الوضع براتب كامل ولا لا؟","Sorry, I encountered an error. Please try again.","success","1622","2026-03-20T03:42:31.369Z",""
"8","استعلامات","ابغى أتأكد من رصيد إجازاتي من البوابة كيف الطريقة؟","Sorry, I encountered an error. Please try again.","success","1005","2026-03-20T03:42:34.385Z",""
"9","إجازات","ليش النظام رفض حفظ الإجازة يقول الرصيد ما يكفي؟","Sorry, I encountered an error. Please try again.","success","1626","2026-03-20T03:42:38.023Z",""
"10","إجازات","كم عدد أيام الإجازة العادية المسموحة بالسنة؟","Sorry, I encountered an error. Please try again.","success","999","2026-03-20T03:42:41.035Z",""
"11","إجازات","وش سالفة الإجازة الاضطرارية كم يوم وكم راتبها؟","Sorry, I encountered an error. Please try again.","success","1002","2026-03-20T03:42:44.047Z",""
"12","بطاقة موظف","كيف أضيف مرافقين جدد لبطاقتي الوظيفية؟","Sorry, I encountered an error. Please try again.","success","1028","2026-03-20T03:42:47.090Z",""
"13","بطاقة موظف","وش المستندات المطلوبة لتسجيل مولود جديد؟","Sorry, I encountered an error. Please try again.","success","996","2026-03-20T03:42:50.099Z",""
"14","بطاقة موظف","أبي أعدل بياناتي الشخصية في النظام وين ألقى الشاشة؟","Sorry, I encountered an error. Please try again.","success","1020","2026-03-20T03:42:53.131Z",""
"15","بطاقة موظف","كيف أضيف مؤهل علمي جديد حصلت عليه؟","Sorry, I encountered an error. Please try again.","success","1625","2026-03-20T03:42:56.767Z",""
"16","إجازات","وش الفرق بين إجازة الوفاة للرجال والنساء؟","Sorry, I encountered an error. Please try again.","success","1006","2026-03-20T03:42:59.785Z",""
"17","إجازات","كم يوم إجازة الأبوة للموظفين؟","Sorry, I encountered an error. Please try again.","success","1005","2026-03-20T03:43:02.802Z",""
"18","إجازات","توفي قريبي أبغى أقدم إجازة وفاة وش المطلوب؟","Sorry, I encountered an error. Please try again.","success","1030","2026-03-20T03:43:05.844Z",""
"19","استعلامات","كيف أتأكد من عدد إجازاتي المرضية هذا العام؟","Sorry, I encountered an error. Please try again.","success","997","2026-03-20T03:43:08.855Z",""
"20","استعلامات","ابغى أتذكر إذا أخذت إجازة بشهر فبراير أو لا؟","Sorry, I encountered an error. Please try again.","success","1004","2026-03-20T03:43:11.871Z",""
"21","بوابة","وش صندوق الوارد في البوابة وشلون أستخدمه؟","Sorry, I encountered an error. Please try again.","success","1016","2026-03-20T03:43:14.900Z",""
"22","طلبات","كيف أشوف طلباتي السابقة اللي قدمتها؟","Sorry, I encountered an error. Please try again.","success","1009","2026-03-20T03:43:17.919Z",""
"23","انتداب","ليش ما أقدر أعدل وسيلة السفر في طلب الانتداب؟","Sorry, I encountered an error. Please try again.","success","1118","2026-03-20T03:43:21.051Z",""
"24","انتداب","وش الحقول الإلزامية اللي لازم أدخلها في طلب الإفادة عن الانتداب؟","Sorry, I encountered an error. Please try again.","success","1126","2026-03-20T03:43:24.189Z",""
"25","انتداب","إذا حفظت طلب انتداب هل ينزل مباشرة لشؤون الموظفين؟","Sorry, I encountered an error. Please try again.","success","1010","2026-03-20T03:43:27.209Z",""
"26","إعارة","كم أقصى مدة للإعارة في النظام؟","Sorry, I encountered an error. Please try again.","success","999","2026-03-20T03:43:30.220Z",""
"27","شكاوى","هل أقدر أقدم شكوى في البوابة وكيف؟","Sorry, I encountered an error. Please try again.","success","1012","2026-03-20T03:43:33.245Z",""
"28","اقتراحات","وين ألقى شاشة تسجيل الاقتراحات للموظفين؟","Sorry, I encountered an error. Please try again.","success","1014","2026-03-20T03:43:36.274Z",""
"29","إجازات","وش الفرق بين الإجازة الاستثنائية والإجازة الدراسية؟","Sorry, I encountered an error. Please try again.","success","1027","2026-03-20T03:43:39.312Z",""
"30","إجازات","كم مدة إجازة مرافقة المريض؟","Sorry, I encountered an error. Please try again.","success","1026","2026-03-20T03:43:42.349Z",""
"31","خطابات","كيف أطلب خطاب تعريف من البوابة؟","Sorry, I encountered an error. Please try again.","success","1042","2026-03-20T03:43:45.402Z",""
"32","خطابات","ابغى أطبع خطاب تعريف بالراتب والبدلات وين القاها؟","Sorry, I encountered an error. Please try again.","success","1030","2026-03-20T03:43:48.443Z",""
"33","خطابات","كيف أقدم على شهادة خبرة من النظام؟","Sorry, I encountered an error. Please try again.","success","1137","2026-03-20T03:43:51.592Z",""
"34","انتداب","ليش ما أقدر أعدل بيانات خط السير في قرار الانتداب؟","Sorry, I encountered an error. Please try again.","success","1013","2026-03-20T03:43:54.616Z",""
"35","مستودعات","وش صفة الطلب في طلب صرف المواد وشلون أحددها؟","Sorry, I encountered an error. Please try again.","success","1022","2026-03-20T03:43:57.648Z",""
"36","مستودعات","كيف أسجل خطاب تأمين في بوابة المستودعات؟","Sorry, I encountered an error. Please try again.","success","1029","2026-03-20T03:44:00.688Z",""
"37","مستودعات","أبي أعتمد خطاب طلب تأمين من الجهة الطالبة وين ألقاها؟","Sorry, I encountered an error. Please try again.","success","1021","2026-03-20T03:44:03.721Z",""
"38","مستودعات","وش مراحل اعتماد خطاب التأمين في البوابة؟","Sorry, I encountered an error. Please try again.","success","1025","2026-03-20T03:44:06.756Z",""
"39","مستودعات","كيف أضيف صنف في طلب التأمين؟","Sorry, I encountered an error. Please try again.","success","1133","2026-03-20T03:44:09.900Z",""
"40","مستودعات","وش معنى الكمية المتوفرة والكمية المحجوزة في المستودع؟","Sorry, I encountered an error. Please try again.","success","1015","2026-03-20T03:44:12.925Z",""
"41","مستودعات","كيف أسجل طلب صرف مواد من المستودع؟","Sorry, I encountered an error. Please try again.","success","1008","2026-03-20T03:44:15.944Z",""
"42","مستودعات","ليش ما يظهر عندي المستودع اللي أبي أختاره؟","Sorry, I encountered an error. Please try again.","success","1042","2026-03-20T03:44:18.997Z",""
"43","مستودعات","كيف أضيف محضر استلام جديد؟","Sorry, I encountered an error. Please try again.","success","1654","2026-03-20T03:44:22.662Z",""
"44","مستودعات","وش الفرق بين أنواع الاستلام في المحاضر؟","Sorry, I encountered an error. Please try again.","success","1017","2026-03-20T03:44:25.691Z",""
"45","مستودعات","كيف أعتمد محضر استلام من مدير الجهة المستلمة؟","Sorry, I encountered an error. Please try again.","success","1008","2026-03-20T03:44:28.710Z",""
"46","مستودعات","ابغى أرجع عهدة للمستودعات كيف الطريقة؟","Sorry, I encountered an error. Please try again.","success","1021","2026-03-20T03:44:31.741Z",""
"47","مستودعات","ليش ما أقدر أسجل طلب ارجاع عهدة لبعض الأصناف؟","Sorry, I encountered an error. Please try again.","success","1150","2026-03-20T03:44:34.905Z",""
"48","مستودعات","وش معنى كشف أرصدة العهد وكيف أطلعه؟","Sorry, I encountered an error. Please try again.","success","1019","2026-03-20T03:44:37.934Z",""
"49","استعلامات","كيف أعرف رصيد إجازاتي العادية من البوابة؟","Sorry, I encountered an error. Please try again.","success","1015","2026-03-20T03:44:40.959Z",""
"50","إجازات","كم مدة الإجازة العادية المستحقة في السنة؟","Sorry, I encountered an error. Please try again.","success","1006","2026-03-20T03:44:43.975Z",""
"51","إجازات","هل يحق لي تعويض رصيد الإجازات إذا استقلت؟","Sorry, I encountered an error. Please try again.","success","1025","2026-03-20T03:44:47.010Z",""
"52","إجازات","كيف أقدم على إجازة امتحان دراسي؟","Sorry, I encountered an error. Please try again.","success","1035","2026-03-20T03:44:50.056Z",""
"53","إجازات","وش شروط الإجازة الدراسية بدون راتب؟","Sorry, I encountered an error. Please try again.","success","1060","2026-03-20T03:44:53.130Z",""
"54","ابتعاث","أبي أبتعث دراسة خارجية وش المطلوب؟","Sorry, I encountered an error. Please try again.","success","1032","2026-03-20T03:44:56.172Z",""
"55","ابتعاث","كيف أسجل طلب ابتعاث داخلي؟","Sorry, I encountered an error. Please try again.","success","1017","2026-03-20T03:44:59.200Z",""
"56","ابتعاث","وش الفرق بين الابتعاث والإيفاد للدراسة؟","Sorry, I encountered an error. Please try again.","success","1044","2026-03-20T03:45:02.272Z",""
"57","ابتعاث","كم أقل مدة خدمة عشان أتقدم لابتعاث؟","Sorry, I encountered an error. Please try again.","success","1039","2026-03-20T03:45:05.322Z",""
"58","إجازات","كيف أقدم على إجازة غسيل كلى؟","Sorry, I encountered an error. Please try again.","success","1034","2026-03-20T03:45:08.366Z",""
"59","إجازات","هل تحتسب جلسات الغسيل الكلوي ضمن الإجازة المرضية؟","Sorry, I encountered an error. Please try again.","success","1029","2026-03-20T03:45:11.406Z",""
"60","إجازات","كيف أقدم إجازة مرضية بسبب إصابة عمل؟","Sorry, I encountered an error. Please try again.","success","1039","2026-03-20T03:45:14.456Z",""
"61","إجازات","وش الفرق بين الإجازة المرضية العادية وإجازة المرض الخطير؟","Sorry, I encountered an error. Please try again.","success","1033","2026-03-20T03:45:17.500Z",""
"62","طلبات","كيف أتأكد من حالة طلبي المرفوض من شؤون الموظفين؟","Sorry, I encountered an error. Please try again.","success","1044","2026-03-20T03:45:20.556Z",""
"63","طلبات","ليش طلب الإجازة ما زال تحت الإعداد؟","Sorry, I encountered an error. Please try again.","success","1049","2026-03-20T03:45:23.617Z",""
"64","إجازات","كيف أعدل على طلب إجازة بعد ما سجلته؟","Sorry, I encountered an error. Please try again.","success","1025","2026-03-20T03:45:26.654Z",""
"65","طلبات","وش معنى اعتماد الطلبات المتأخرة في البوابة؟","Sorry, I encountered an error. Please try again.","success","1020","2026-03-20T03:45:29.684Z",""
"66","إجازات","كيف أسوي طلب قطع أو إلغاء إجازة؟","Sorry, I encountered an error. Please try again.","success","1021","2026-03-20T03:45:32.717Z",""
"67","إجازات","أبي أمدد إجازتي كيف الطريقة؟","Sorry, I encountered an error. Please try again.","success","1040","2026-03-20T03:45:35.767Z",""
"68","إجازات","ليش ما أقدر أمدد الإجازة المرضية؟","Sorry, I encountered an error. Please try again.","success","1034","2026-03-20T03:45:38.813Z",""
"69","إجازات","كيف أسجل مباشرة بعد الإجازة؟","Sorry, I encountered an error. Please try again.","success","1675","2026-03-20T03:45:42.498Z",""
"70","إجازات","وش هي إجازة تعويض الأعياد والعطل الأسبوعية؟","Sorry, I encountered an error. Please try again.","success","1038","2026-03-20T03:45:45.548Z",""
"71","إجازات","هل تنحسب العطل الرسمية ضمن الإجازة العادية؟","Sorry, I encountered an error. Please try again.","success","1148","2026-03-20T03:45:48.705Z",""
"72","استعلامات","كيف أعرف جهة عملي الفعلية من البوابة؟","Sorry, I encountered an error. Please try again.","success","1037","2026-03-20T03:45:51.754Z",""
"73","استعلامات","أبي أشوف بياناتي الوظيفية كاملة وين ألقاها؟","Sorry, I encountered an error. Please try again.","success","1048","2026-03-20T03:45:54.814Z",""
"74","استعلامات","كيف أطبع ملف الخدمة الخاص بي؟","Sorry, I encountered an error. Please try again.","success","1057","2026-03-20T03:45:57.880Z",""
"75","بطاقة موظف","وش هي الخبرات السابقة وكيف أضيفها؟","Sorry, I encountered an error. Please try again.","success","1041","2026-03-20T03:46:00.933Z",""
"76","بطاقة موظف","كيف أضيف دورة تدريبية حصلت عليها؟","Sorry, I encountered an error. Please try again.","success","1050","2026-03-20T03:46:03.997Z",""
"77","استعلامات","وين ألقى الدورات التدريبية المسجلة باسمي؟","Sorry, I encountered an error. Please try again.","success","1185","2026-03-20T03:46:07.194Z",""
"78","بطاقة موظف","كيف أضيف وثيقة شخصية جديدة مثل جواز سفر؟","Sorry, I encountered an error. Please try again.","success","1050","2026-03-20T03:46:10.254Z",""
"79","بطاقة موظف","وش هي الوثائق الشخصية المطلوبة في النظام؟","Sorry, I encountered an error. Please try again.","success","1068","2026-03-20T03:46:13.333Z",""
"80","بطاقة موظف","كيف أحدث بيانات المرافقين التابعين لي؟","Sorry, I encountered an error. Please try again.","success","1063","2026-03-20T03:46:16.407Z",""
"81","مرافقين","أبي أضيف مرافق جديد من هم من الدرجة الثالثة؟","Sorry, I encountered an error. Please try again.","success","1049","2026-03-20T03:46:19.467Z",""
"82","إجازات","كم مدة إجازة عدة الوفاة للموظفة؟","Sorry, I encountered an error. Please try again.","success","1067","2026-03-20T03:46:22.550Z",""
"83","إجازات","كيف أقدم إجازة عدة وفاة من البوابة؟","Sorry, I encountered an error. Please try again.","success","1074","2026-03-20T03:46:25.636Z",""
"84","إجازات","وش هي إجازة المشاركة الوطنية ومتى تطلب؟","Sorry, I encountered an error. Please try again.","success","1087","2026-03-20T03:46:28.734Z",""
"85","إجازات","كيف أسجل طلب إجازة حج؟","Sorry, I encountered an error. Please try again.","success","1055","2026-03-20T03:46:31.801Z",""
"86","إجازات","هل أقدر أخذ إجازة حج أكثر من مرة؟","Sorry, I encountered an error. Please try again.","success","1032","2026-03-20T03:46:34.844Z",""
"87","إجازات","وش هي إجازة التدريب على أعمال الإعاقة؟","Sorry, I encountered an error. Please try again.","success","1046","2026-03-20T03:46:37.900Z",""
"88","إجازات","كيف أسجل طلب إجازة ثقافية داخلية؟","Sorry, I encountered an error. Please try again.","success","1065","2026-03-20T03:46:40.976Z",""
"89","إجازات","وش الفرق بين الإجازة الثقافية الداخلية والخارجية؟","Sorry, I encountered an error. Please try again.","success","1044","2026-03-20T03:46:44.031Z",""
"90","إجازات","كيف أقدم على إجازة رياضية؟","Sorry, I encountered an error. Please try again.","success","1057","2026-03-20T03:46:47.099Z",""
"91","إجازات","هل أحتاج مستندات معينة لإجازة الزواج؟","Sorry, I encountered an error. Please try again.","success","1064","2026-03-20T03:46:50.174Z",""
"92","إجازات","كم مرة يحق لي أخذ إجازة زواج؟","Sorry, I encountered an error. Please try again.","success","1045","2026-03-20T03:46:53.230Z",""
"93","إجازات","كيف أسجل طلب إجازة وقوع كارثة؟","Sorry, I encountered an error. Please try again.","success","1040","2026-03-20T03:46:56.281Z",""
"94","إجازات","وش معنى إجازة حضانة يتيم مكفول؟","Sorry, I encountered an error. Please try again.","success","1035","2026-03-20T03:46:59.327Z",""
"95","تفويض","كيف أقدم على طلب تفويض صلاحية لموظف ثاني؟","Sorry, I encountered an error. Please try again.","success","1174","2026-03-20T03:47:02.513Z",""
"96","تفويض","ليش ما أقدر أفوض صلاحيتي لموظف في إدارة ثانية؟","Sorry, I encountered an error. Please try again.","success","1040","2026-03-20T03:47:05.564Z",""
"97","تفويض","كم مدة التفويض المسموحة في النظام؟","Sorry, I encountered an error. Please try again.","success","1036","2026-03-20T03:47:08.612Z",""
"98","تفويض","كيف ألغي تفويض صلاحية بعد ما سويته؟","Sorry, I encountered an error. Please try again.","success","1048","2026-03-20T03:47:11.671Z",""
"99","عهد","وش هي طلبات العهد وكيف أسجل نقل عهدة؟","Sorry, I encountered an error. Please try again.","success","1191","2026-03-20T03:47:14.871Z",""
"100","عهد","كيف أقبل أو أرفض عهدة محولة لي؟","Sorry, I encountered an error. Please try again.","success","1066","2026-03-20T03:47:17.947Z",""
"101","عهد","ليش العهدة المحولة انلغت قبل ما أرد عليها؟","Sorry, I encountered an error. Please try again.","success","1706","2026-03-20T03:47:21.665Z",""
"102","إركاب","كيف أسجل طلب أمر إركاب؟","Sorry, I encountered an error. Please try again.","success","1086","2026-03-20T03:47:24.763Z",""
"103","إركاب","وش الفرق بين أمر الإركاب وتذاكر السفر؟","Sorry, I encountered an error. Please try again.","success","1687","2026-03-20T03:47:28.460Z",""
"104","نفقات","كيف أطلب تعويض تذاكر سفر؟","Sorry, I encountered an error. Please try again.","success","1048","2026-03-20T03:47:31.519Z",""
"105","إجازات","وش المطلوب عشان أطلب تعويض عن غياب بعذر؟","Sorry, I encountered an error. Please try again.","success","1053","2026-03-20T03:47:34.582Z",""
"106","إجازات","كم مدة التعويض المسموحة عن الغياب؟","Sorry, I encountered an error. Please try again.","success","1066","2026-03-20T03:47:37.658Z",""
"107","تعديل بيانات","كيف أسجل طلب تغيير جهة ومقر العمل الفعلية؟","Sorry, I encountered an error. Please try again.","success","1068","2026-03-20T03:47:40.736Z",""
"108","تعديل بيانات","ليش لازم موافقة الرئيس المباشر على تغيير جهة العمل؟","Sorry, I encountered an error. Please try again.","success","1073","2026-03-20T03:47:43.820Z",""
"109","استعلامات","كيف أشوف ملف الراتب الخاص بي؟","Sorry, I encountered an error. Please try again.","success","1690","2026-03-20T03:47:47.520Z",""
"110","استعلامات","أبي أعرف الراتب المصرف في شهر معين وين ألقى التفاصيل؟","Sorry, I encountered an error. Please try again.","success","1058","2026-03-20T03:47:50.590Z",""
"111","استعلامات","كيف أطبع كشف الراتب الشهري؟","Sorry, I encountered an error. Please try again.","success","1061","2026-03-20T03:47:53.660Z",""
"112","استعلامات","وش هي العلاوات وكيف أشوف اللي أخذتها؟","Sorry, I encountered an error. Please try again.","success","1054","2026-03-20T03:47:56.724Z",""
"113","استعلامات","كيف أتأكد من الترقيات اللي حصلت عليها؟","Sorry, I encountered an error. Please try again.","success","1080","2026-03-20T03:47:59.826Z",""
"114","استعلامات","وش هي الانتدابات وكيف أشوف انتداباتي السابقة؟","Sorry, I encountered an error. Please try again.","success","1077","2026-03-20T03:48:02.913Z",""
"115","انتداب","كيف أعرف عدد أيام الانتداب المستحقة لي؟","Sorry, I encountered an error. Please try again.","success","1072","2026-03-20T03:48:05.996Z",""
"116","استعلامات","وش هي المكافآت والنفقات المصروفة خلال فترة؟","Sorry, I encountered an error. Please try again.","success","1073","2026-03-20T03:48:09.079Z",""
"117","استعلامات","كيف أستعلم عن مكافآت العمل خارج الدوام؟","Sorry, I encountered an error. Please try again.","success","1081","2026-03-20T03:48:12.170Z",""
"118","مكافآت","كم سعر الساعة في مكافأة العمل الإضافي؟","Sorry, I encountered an error. Please try again.","success","1063","2026-03-20T03:48:15.244Z",""
"119","إجازات","وش هي إجازة تعويض التأخير وكيف تحسب؟","Sorry, I encountered an error. Please try again.","success","1074","2026-03-20T03:48:18.329Z",""
"120","طلبات","كيف أسجل طلب تحويل طبي؟","Sorry, I encountered an error. Please try again.","success","1074","2026-03-20T03:48:21.414Z",""
"121","طلبات","ليش ما أقدر أطبع التحويل الطبي؟","Sorry, I encountered an error. Please try again.","success","1069","2026-03-20T03:48:24.494Z",""
"122","إعدادات","كيف أضيف نموذج طباعة للخطابات؟","Sorry, I encountered an error. Please try again.","success","1091","2026-03-20T03:48:27.597Z",""
"123","إعدادات","وش هي إعدادات خطاب التعريف وكيف أعدلها؟","Sorry, I encountered an error. Please try again.","success","1087","2026-03-20T03:48:30.695Z",""
"124","إعدادات","كيف أضيف رابط خارجي في البوابة؟","Sorry, I encountered an error. Please try again.","success","1089","2026-03-20T03:48:33.795Z",""
"125","إعدادات","وش هي مراحل اعتماد الطلبات وكيف أحددها؟","Sorry, I encountered an error. Please try again.","success","1721","2026-03-20T03:48:37.527Z",""
"126","استطلاعات","كيف أضيف استطلاع رأي جديد للموظفين؟","Sorry, I encountered an error. Please try again.","success","1091","2026-03-20T03:48:40.631Z",""
"127","استطلاعات","كيف أشوف نتائج استطلاعات الرأي؟","Sorry, I encountered an error. Please try again.","success","1073","2026-03-20T03:48:43.715Z",""
"128","استبيانات","وش هي استبيانات الموظفين وكيف أضيفها؟","Sorry, I encountered an error. Please try again.","success","1072","2026-03-20T03:48:46.798Z",""
"129","شكاوى","كيف أضيف أنواع الشكاوى والاقتراحات؟","Sorry, I encountered an error. Please try again.","success","1081","2026-03-20T03:48:49.891Z",""
"130","شكاوى","وش الفرق بين الموظف المسؤول والموظف المختص في الشكاوى؟","Sorry, I encountered an error. Please try again.","success","1091","2026-03-20T03:48:52.992Z",""
"131","إعدادات","كيف أعين موظفين مخولين بالاعتماد نيابة عني؟","Sorry, I encountered an error. Please try again.","success","1083","2026-03-20T03:48:56.086Z",""
"132","إعدادات","وش هي إعدادات إخفاء وإظهار حقول الدرجة والتقدير؟","Sorry, I encountered an error. Please try again.","success","1086","2026-03-20T03:48:59.182Z",""
"133","تقييم","كيف أحدد المدراء المخولين لاعتماد الميثاق والتقييم؟","Sorry, I encountered an error. Please try again.","success","1194","2026-03-20T03:49:02.386Z",""
"134","تقييم","وش هو ميثاق الأداء وكيف أسجله؟","Sorry, I encountered an error. Please try again.","success","1068","2026-03-20T03:49:05.464Z",""
"135","تقييم","كيف أسجل تقييم أداء للموظفين التابعين لي؟","Sorry, I encountered an error. Please try again.","success","1072","2026-03-20T03:49:08.548Z",""
"136","تقييم","ليش ما أقدر أدخل تقييم لنفسي؟","Sorry, I encountered an error. Please try again.","success","1070","2026-03-20T03:49:11.628Z",""
"137","تقييم","كيف أتظلم من نتيجة تقييم الأداء؟","Sorry, I encountered an error. Please try again.","success","1730","2026-03-20T03:49:15.370Z",""
"138","تقييم","وش هي مراحل اعتماد تقييم الأداء؟","Sorry, I encountered an error. Please try again.","success","1097","2026-03-20T03:49:18.477Z",""
"139","استعلامات","كيف أشوف تقييماتي السابقة؟","Sorry, I encountered an error. Please try again.","success","1732","2026-03-20T03:49:22.220Z",""
"140","تقييم","وش هو التقدير العام للموظف وكيف أعبيه؟","Sorry, I encountered an error. Please try again.","success","1090","2026-03-20T03:49:25.321Z",""
"141","تقييم","كيف أسند تقييم موظف لمدير ثاني؟","Sorry, I encountered an error. Please try again.","success","1088","2026-03-20T03:49:28.420Z",""
"142","تقييم","ليش الموظف مستثنى من التقييم؟","Sorry, I encountered an error. Please try again.","success","1077","2026-03-20T03:49:31.509Z",""
"143","تقييم","كيف أطبع كشف بالموظفين حسب حالة الميثاق؟","Sorry, I encountered an error. Please try again.","success","1085","2026-03-20T03:49:34.610Z",""
"144","إعدادات","وش هي صلاحيات مدير النظام في البوابة؟","Sorry, I encountered an error. Please try again.","success","1110","2026-03-20T03:49:37.730Z",""
"145","إعدادات","كيف أضيف مستخدم جديد للبوابة؟","Sorry, I encountered an error. Please try again.","success","1095","2026-03-20T03:49:40.835Z",""
"146","إعدادات","ليش الموظف ما يقدر يدخل البوابة مع إنه مضاف؟","Sorry, I encountered an error. Please try again.","success","1072","2026-03-20T03:49:43.918Z",""
"147","إعدادات","كيف أغير كلمة سر مستخدم؟","Sorry, I encountered an error. Please try again.","success","1072","2026-03-20T03:49:47.001Z",""
"148","إعدادات","وش هي إدارة الأخبار وكيف أضيف خبر جديد؟","Sorry, I encountered an error. Please try again.","success","1094","2026-03-20T03:49:50.106Z",""
"149","إعدادات","كيف أحدد عدد مرات طباعة الاستعلامات المسموحة؟","Sorry, I encountered an error. Please try again.","success","1108","2026-03-20T03:49:53.225Z",""
"150","إعدادات","وش هي الشاشات المستخدمة في النظام وكيف أتحكم فيها؟","Sorry, I encountered an error. Please try again.","success","1091","2026-03-20T03:49:56.326Z",""
"151","إجازات","كم مدة الإجازة الاستثنائية للمرافق؟","Sorry, I encountered an error. Please try again.","success","1087","2026-03-20T03:49:59.425Z",""
"152","إجازات","هل أقدر أقدم إجازة اضطرارية للمتعاقدين؟","Sorry, I encountered an error. Please try again.","success","1099","2026-03-20T03:50:02.533Z",""
"153","إجازات","كيف أحسب رصيد الإجازة للمتعاقد؟","Sorry, I encountered an error. Please try again.","success","1116","2026-03-20T03:50:05.660Z",""
"154","إجازات","وش هي إجازة تعويض إجازة للمتعاقد؟","Sorry, I encountered an error. Please try again.","success","1088","2026-03-20T03:50:08.760Z",""
"155","استعلامات","كيف أتأكد من صحة مشهد التعريف؟","Sorry, I encountered an error. Please try again.","success","1108","2026-03-20T03:50:11.879Z",""
"156","استعلامات","ليش مشهد التعريف ما يظهر عندي؟","Sorry, I encountered an error. Please try again.","success","1090","2026-03-20T03:50:14.979Z",""
"157","استعلامات","كيف أستعلم عن طلباتي كمدير للبوابة؟","Sorry, I encountered an error. Please try again.","success","1723","2026-03-20T03:50:18.713Z",""
"158","استعلامات","وش هو استطلاع تتبع الطلبات؟","Sorry, I encountered an error. Please try again.","success","1090","2026-03-20T03:50:21.812Z",""
"159","استعلامات","كيف أعرف المرحلة اللي وصل لها طلبي؟","Sorry, I encountered an error. Please try again.","success","1090","2026-03-20T03:50:24.913Z",""
"160","استعلامات","ليش الطلب معلق في مرحلة الاعتماد؟","Sorry, I encountered an error. Please try again.","success","1088","2026-03-20T03:50:28.012Z",""
"161","إجازات","كم عدد المراحل لاعتماد طلب الإجازة؟","Sorry, I encountered an error. Please try again.","success","1111","2026-03-20T03:50:31.135Z",""
"162","إعدادات","كيف أضيف مجموعة صلاحية جديدة؟","Sorry, I encountered an error. Please try again.","success","1115","2026-03-20T03:50:34.260Z",""
"163","إعدادات","وش هي شروط التصفية في النظام؟","Sorry, I encountered an error. Please try again.","success","1091","2026-03-20T03:50:37.362Z",""
"164","إعدادات","كيف أربط نموذج طباعة بشرط تصفية؟","Sorry, I encountered an error. Please try again.","success","1095","2026-03-20T03:50:40.467Z",""
"165","قرارات","وش الفرق بين القرار الرئيسي والقرار الفرعي؟","Sorry, I encountered an error. Please try again.","success","1109","2026-03-20T03:50:43.588Z",""
"166","قرارات","كيف أعرف إذا القرار صدر له مسير أو لا؟","Sorry, I encountered an error. Please try again.","success","1118","2026-03-20T03:50:46.717Z",""
"167","قرارات","ليش القرار ما ظهر في الرواتب؟","Sorry, I encountered an error. Please try again.","success","1122","2026-03-20T03:50:49.851Z",""
"168","رواتب","كيف أتأكد من صدور أمر صرف للراتب؟","Sorry, I encountered an error. Please try again.","success","1106","2026-03-20T03:50:52.969Z",""
"169","مالية","وش هي أوامر الصرف ومستندات الدفع؟","Sorry, I encountered an error. Please try again.","success","1106","2026-03-20T03:50:56.085Z",""
"170","مالية","كيف أشوف تفاصيل المبالغ في أوامر الصرف؟","Sorry, I encountered an error. Please try again.","success","1111","2026-03-20T03:50:59.208Z",""
"171","مالية","وش هي حسابات العهد والأمانات والسلف؟","Sorry, I encountered an error. Please try again.","success","1118","2026-03-20T03:51:02.336Z",""
"172","مالية","كيف أطبع كشف بحسابات العهد؟","Sorry, I encountered an error. Please try again.","success","1110","2026-03-20T03:51:05.458Z",""
"173","عهد","ليش ما تظهر عندي العهدة المسجلة على المبنى؟","Sorry, I encountered an error. Please try again.","success","1735","2026-03-20T03:51:09.204Z",""
"174","استعلامات","كيف أعرف الوظائف التابعة لإدارتي؟","Sorry, I encountered an error. Please try again.","success","1121","2026-03-20T03:51:12.336Z",""
"175","وظائف","وش معنى حالة الوظيفة مشغولة أو شاغرة؟","Sorry, I encountered an error. Please try again.","success","1106","2026-03-20T03:51:15.454Z",""
"176","استعلامات","كيف أطبع بيان الوظائف التابعة لي؟","Sorry, I encountered an error. Please try again.","success","1151","2026-03-20T03:51:18.616Z",""
"177","استعلامات","ليش ما يظهر عندي الموظفين التابعين لي إدارياً؟","Sorry, I encountered an error. Please try again.","success","1129","2026-03-20T03:51:21.755Z",""
"178","استعلامات","كيف أشوف قائمة الموظفين التابعين لي؟","Sorry, I encountered an error. Please try again.","success","1145","2026-03-20T03:51:24.910Z",""
"179","استعلامات","وش معنى عرض الموظفين التابعين للوحدات الفرعية؟","Sorry, I encountered an error. Please try again.","success","1131","2026-03-20T03:51:28.052Z",""
"180","إعدادات","كيف أضبط إعدادات الدخول للبوابة؟","Sorry, I encountered an error. Please try again.","success","1113","2026-03-20T03:51:31.178Z",""
"181","إعدادات","وش الفرق بين نوع المستخدم ويندوز وموظفين شؤون موظفين؟","Sorry, I encountered an error. Please try again.","success","1132","2026-03-20T03:51:34.321Z",""
"182","إعدادات","كيف أفعل رابط نسيت كلمة السر؟","Sorry, I encountered an error. Please try again.","success","1137","2026-03-20T03:51:37.469Z",""
"183","إعدادات","ليش ما يوصلني رمز التحقق على الجوال؟","Sorry, I encountered an error. Please try again.","success","1114","2026-03-20T03:51:40.593Z",""
"184","إعدادات","كم الوقت اللازم لإخراج المستخدم من النظام؟","Sorry, I encountered an error. Please try again.","success","1141","2026-03-20T03:51:43.745Z",""
"185","إعدادات","كيف أحدد صاحب الصلاحية الافتراضي للطلبات المتأخرة؟","Sorry, I encountered an error. Please try again.","success","1136","2026-03-20T03:51:46.890Z",""
"186","إعدادات","وش معنى الحد الأقصى لمدة التأخير في اعتماد الطلبات؟","Sorry, I encountered an error. Please try again.","success","1135","2026-03-20T03:51:50.037Z",""
"187","إعدادات","كيف أسمح للموظفين بتسجيل انتداب داخلي لأنفسهم؟","Sorry, I encountered an error. Please try again.","success","1148","2026-03-20T03:51:53.196Z",""
"188","انتداب","ليش ما أقدر أسجل انتداب لنفسي مع إن الإعداد مفعل؟","Sorry, I encountered an error. Please try again.","success","1149","2026-03-20T03:51:56.356Z",""
"189","إعدادات","كيف أضيف موظف في قائمة المسموح لهم بانتداب أنفسهم؟","Sorry, I encountered an error. Please try again.","success","1154","2026-03-20T03:51:59.522Z",""
"190","إعدادات","وش هي تنبيهات تقييم الأداء وكيف أشغلها؟","Sorry, I encountered an error. Please try again.","success","1143","2026-03-20T03:52:02.676Z",""
"191","تقييم","كم يوم قبل انتهاء فترة التقييم يرسل تنبيه؟","Sorry, I encountered an error. Please try again.","success","1135","2026-03-20T03:52:05.820Z",""
"192","إعدادات","كيف أحدد وسيلة إرسال التنبيهات؟","Sorry, I encountered an error. Please try again.","success","1123","2026-03-20T03:52:08.954Z",""
"193","إعدادات","ليش الموظفين ما يوصلهم اشعارات بالطلبات؟","Sorry, I encountered an error. Please try again.","success","1132","2026-03-20T03:52:12.098Z",""
"194","تقييم","وش هي الفترات المسموح فيها تعديل الميثاق؟","Sorry, I encountered an error. Please try again.","success","1124","2026-03-20T03:52:15.232Z",""
"195","تقييم","كيف أضيف فترات تقييم في ميثاق الأداء؟","Sorry, I encountered an error. Please try again.","success","1147","2026-03-20T03:52:18.389Z",""
"196","تقييم","وش هي الأهداف الاستراتيجية في تقييم الأداء؟","Sorry, I encountered an error. Please try again.","success","1127","2026-03-20T03:52:21.528Z",""
"197","تقييم","كيف أحدد الوزن النسبي للأهداف في التقييم؟","Sorry, I encountered an error. Please try again.","success","1150","2026-03-20T03:52:24.687Z",""
"198","تقييم","وش هي الجدارات وكيف أضيفها في التقييم؟","Sorry, I encountered an error. Please try again.","success","1129","2026-03-20T03:52:27.829Z",""
"199","تقييم","ليش الأهمية النسبية للجدارات ما تتغير؟","Sorry, I encountered an error. Please try again.","success","1164","2026-03-20T03:52:31.004Z",""
"200","تقييم","كيف ألغي اعتماد ميثاق أداء؟","Sorry, I encountered an error. Please try again.","success","1136","2026-03-20T03:52:34.152Z",""
"201","تقييم","كم درجة في تقييم الأداء الوظيفي؟","Sorry, I encountered an error. Please try again.","success","1137","2026-03-20T03:52:37.302Z",""
"202","تقييم","كيف أحسب التقدير العام للموظف؟","Sorry, I encountered an error. Please try again.","success","1127","2026-03-20T03:52:40.440Z",""
"203","تقييم","ليش ما يظهر التقدير بعد التقريب عندي؟","Sorry, I encountered an error. Please try again.","success","1775","2026-03-20T03:52:44.224Z",""
"204","تقييم","كيف أضيف تظلم على نتيجة تقييم؟","Sorry, I encountered an error. Please try again.","success","1137","2026-03-20T03:52:47.373Z",""
"205","تقييم","ليش تظلمي ما زال قيد المراجعة؟","Sorry, I encountered an error. Please try again.","success","1128","2026-03-20T03:52:50.512Z",""
"206","تقييم","كيف أطبع كشف بالتظلمات على نتائج التقييم؟","Sorry, I encountered an error. Please try again.","success","1127","2026-03-20T03:52:53.649Z",""
"207","تقييم","وش هي لجنة التظلمات في النظام؟","Sorry, I encountered an error. Please try again.","success","1118","2026-03-20T03:52:56.779Z",""
"208","تقييم","كيف أعتمد الميثاق لجميع الموظفين مرة وحدة؟","Sorry, I encountered an error. Please try again.","success","1131","2026-03-20T03:52:59.920Z",""
"209","تقييم","ليش ما أقدر أعتمد تقييم الأداء لمجتمع التقييم؟","Sorry, I encountered an error. Please try again.","success","1152","2026-03-20T03:53:03.083Z",""
"210","تقييم","كيف أعرف الموظفين اللي ما دخلوا تقييم أداء؟","Sorry, I encountered an error. Please try again.","success","1121","2026-03-20T03:53:06.216Z",""
"211","تقييم","وش معنى التقديرات اللي تجاوزت نسب التصنيف؟","Sorry, I encountered an error. Please try again.","success","1127","2026-03-20T03:53:09.352Z",""
"212","تقييم","كيف أضيف نقاط القوة في التقدير العام؟","Sorry, I encountered an error. Please try again.","success","1138","2026-03-20T03:53:12.502Z",""
"213","تقييم","ليش لازم أدخل مبررات إذا التقدير ممتاز أو غير مرضي؟","Sorry, I encountered an error. Please try again.","success","1762","2026-03-20T03:53:16.275Z",""
"214","تقييم","كيف أطبع التقدير العام للموظف؟","Sorry, I encountered an error. Please try again.","success","1135","2026-03-20T03:53:19.420Z",""
"215","إجازات","وش هي إجازة المشاركة بأعمال الإغاثة؟","Sorry, I encountered an error. Please try again.","success","1142","2026-03-20T03:53:22.573Z",""
"216","إجازات","كيف أسجل طلب إجازة مشاركة بأعمال إغاثة؟","Sorry, I encountered an error. Please try again.","success","1128","2026-03-20T03:53:25.713Z",""
"217","إجازات","ليش لازم أحدد موظف مكلف بأعمالي في طلب الإجازة؟","Sorry, I encountered an error. Please try again.","success","1144","2026-03-20T03:53:28.867Z",""
"218","إجازات","كيف أضيف عنواني خلال الإجازة؟","Sorry, I encountered an error. Please try again.","success","1127","2026-03-20T03:53:32.004Z",""
"219","طلبات","وش هي المرفقات الإلكترونية في الطلبات؟","Sorry, I encountered an error. Please try again.","success","1797","2026-03-20T03:53:35.811Z",""
"220","طلبات","كيف أرفع مرفق إلكتروني في الطلب؟","Sorry, I encountered an error. Please try again.","success","1136","2026-03-20T03:53:38.957Z",""
"221","طلبات","ليش ما يقبل النظام الملف اللي أحاول أرفعه؟","Sorry, I encountered an error. Please try again.","success","1137","2026-03-20T03:53:42.105Z",""
"222","طلبات","كم حجم الملف المسموح في المرفقات؟","Sorry, I encountered an error. Please try again.","success","1141","2026-03-20T03:53:45.258Z",""
"223","طلبات","كيف أعدل على المرفق بعد ما رفعته؟","Sorry, I encountered an error. Please try again.","success","1139","2026-03-20T03:53:48.408Z",""
"224","استعلامات","وش معنى أخر مرحلة في شؤون الموظفين؟","Sorry, I encountered an error. Please try again.","success","1153","2026-03-20T03:53:51.571Z",""
"225","استعلامات","كيف أعرف من اللي اعتمد طلبي؟","Sorry, I encountered an error. Please try again.","success","1159","2026-03-20T03:53:54.741Z",""
"226","استعلامات","ليش ما يظهر اسم المعتمد في الطلب؟","Sorry, I encountered an error. Please try again.","success","1142","2026-03-20T03:53:57.892Z",""
"227","استعلامات","كيف أطبع كشف بالطلبات المقدمة؟","Sorry, I encountered an error. Please try again.","success","1156","2026-03-20T03:54:01.058Z",""
"228","استعلامات","وش هي طلبات التعديل اللي لم يتخذ إجراء بها؟","Sorry, I encountered an error. Please try again.","success","1168","2026-03-20T03:54:04.256Z",""
"229","استعلامات","كيف أعرف وش سبب رفض طلبي؟","Sorry, I encountered an error. Please try again.","success","1155","2026-03-20T03:54:07.422Z",""
"230","شكاوى","ليش طلبي محول للموظف المختص؟","Sorry, I encountered an error. Please try again.","success","1167","2026-03-20T03:54:10.599Z",""
"231","شكاوى","كيف أتابع حالة الشكوى اللي قدمتها؟","Sorry, I encountered an error. Please try again.","success","1790","2026-03-20T03:54:14.399Z",""
"232","شكاوى","كم مدة معالجة الشكوى في النظام؟","Sorry, I encountered an error. Please try again.","success","1168","2026-03-20T03:54:17.577Z",""
"233","شكاوى","وش الفرق بين رفض وإغلاق الشكوى؟","Sorry, I encountered an error. Please try again.","success","1149","2026-03-20T03:54:20.737Z",""
"234","شكاوى","ليش الشكوى صارت طلب توضيح؟","Sorry, I encountered an error. Please try again.","success","1151","2026-03-20T03:54:23.899Z",""
"235","اقتراحات","كيف أضيف اقتراح لتطوير العمل؟","Sorry, I encountered an error. Please try again.","success","1158","2026-03-20T03:54:27.067Z",""
"236","اقتراحات","هل الاقتراحات تنحسب في تقييم الأداء؟","Sorry, I encountered an error. Please try again.","success","1155","2026-03-20T03:54:30.233Z",""
"237","اقتراحات","كيف أعرف إذا اقتراحي انقبل أو لا؟","Sorry, I encountered an error. Please try again.","success","1152","2026-03-20T03:54:33.394Z",""
"238","شكاوى","وش هي درجة الأهمية في الشكاوى؟","Sorry, I encountered an error. Please try again.","success","1181","2026-03-20T03:54:36.586Z",""
"239","شكاوى","ليش لازم أحدد درجة الأهمية للشكوى؟","Sorry, I encountered an error. Please try again.","success","1161","2026-03-20T03:54:39.758Z",""
"240","إعدادات","كيف أعين موظف مسؤول عن نوع شكوى معين؟","Sorry, I encountered an error. Please try again.","success","1179","2026-03-20T03:54:42.947Z",""
"241","مستودعات","وش هي إعدادات المستودعات المسموح التعامل معها؟","Sorry, I encountered an error. Please try again.","success","1184","2026-03-20T03:54:46.142Z",""
"242","مستودعات","كيف أحدد رئيس لجنة الإرجاع في النظام؟","Sorry, I encountered an error. Please try again.","success","1175","2026-03-20T03:54:49.327Z",""
"243","مستودعات","وش الفرق بين مراجعة طلبات التأمين في المستودعات والمشتريات؟","Sorry, I encountered an error. Please try again.","success","1830","2026-03-20T03:54:53.169Z",""
"244","مستودعات","كيف أضيف صلاحية لموظف في بوابة المستودعات؟","Sorry, I encountered an error. Please try again.","success","1176","2026-03-20T03:54:56.355Z",""
"245","مستودعات","ليش ما تظهر عندي صلاحية مراجعة طلبات التأمين؟","Sorry, I encountered an error. Please try again.","success","1175","2026-03-20T03:54:59.543Z",""
"246","مشتريات","كيف أوزع الصلاحيات في بوابة المشتريات؟","Sorry, I encountered an error. Please try again.","success","1184","2026-03-20T03:55:02.737Z",""
"247","مستودعات","وش هي خطوات تسجيل خطاب تأمين في النظام؟","Sorry, I encountered an error. Please try again.","success","1160","2026-03-20T03:55:05.909Z",""
"248","مستودعات","كيف أحمل بيانات خطاب التأمين من ملف خارجي؟","Sorry, I encountered an error. Please try again.","success","1199","2026-03-20T03:55:09.119Z",""
"249","مستودعات","وش صيغة الملف المسموحة لتحميل بيانات التأمين؟","Sorry, I encountered an error. Please try again.","success","1824","2026-03-20T03:55:12.954Z",""
"250","مستودعات","كيف أضيف الأصناف المطلوب تأمينها؟","Sorry, I encountered an error. Please try again.","success","1170","2026-03-20T03:55:16.135Z",""
"251","مستودعات","وش الفرق بين صنف معروف وخدمة في بنود التأمين؟","Sorry, I encountered an error. Please try again.","success","1172","2026-03-20T03:55:19.319Z",""
"252","مستودعات","ليش ما يظهر عندي الصنف اللي أبيه؟","Sorry, I encountered an error. Please try again.","success","1165","2026-03-20T03:55:22.495Z",""
"253","مستودعات","كيف أضيف نسخ صور في طلب التأمين؟","Sorry, I encountered an error. Please try again.","success","1199","2026-03-20T03:55:25.705Z",""
"254","مستودعات","وش هي مراحل اعتماد خطاب التأمين؟","Sorry, I encountered an error. Please try again.","success","1189","2026-03-20T03:55:28.905Z",""
"255","مستودعات","كيف أعتمد خطاب طلب تأمين من الجهة الفنية؟","Sorry, I encountered an error. Please try again.","success","1174","2026-03-20T03:55:32.089Z",""
"256","مستودعات","ليش طلب التأمين ما وصل للجهة الفنية؟","Sorry, I encountered an error. Please try again.","success","1183","2026-03-20T03:55:35.282Z",""
"257","مستودعات","كيف أعتمد خطاب التأمين من إدارة المشتريات؟","Sorry, I encountered an error. Please try again.","success","1816","2026-03-20T03:55:39.109Z",""
"258","مشتريات","وش الفرق بين شراء مباشر ومنافسة في طلب التأمين؟","Sorry, I encountered an error. Please try again.","success","1189","2026-03-20T03:55:42.308Z",""
"259","مستودعات","ليش لازم أحدد نوع الشراء في اعتماد التأمين؟","Sorry, I encountered an error. Please try again.","success","1185","2026-03-20T03:55:45.504Z",""
"260","مستودعات","كيف أعدل الكمية المعتمدة من إدارة المشتريات؟","Sorry, I encountered an error. Please try again.","success","1172","2026-03-20T03:55:48.687Z",""
"261","مستودعات","ليش ما أقدر أعدل الكمية المعتمدة لأعلى من المطلوبة؟","Sorry, I encountered an error. Please try again.","success","1162","2026-03-20T03:55:51.861Z",""
"262","مستودعات","كيف أسجل طلب صرف مواد بعد اعتماد التأمين؟","Sorry, I encountered an error. Please try again.","success","1187","2026-03-20T03:55:55.058Z",""
"263","مستودعات","ليش ما يظهر طلب التأمين في طلب الصرف؟","Sorry, I encountered an error. Please try again.","success","1207","2026-03-20T03:55:58.275Z",""
"264","مستودعات","كيف أبحث عن طلب صرف معين؟","Sorry, I encountered an error. Please try again.","success","1211","2026-03-20T03:56:01.496Z",""
"265","مستودعات","وش هي صفات الطلب عادي وعاجل وعاجل جداً؟","Sorry, I encountered an error. Please try again.","success","1169","2026-03-20T03:56:04.677Z",""
"266","مستودعات","كيف أضيف الأصناف في طلب صرف المواد؟","Sorry, I encountered an error. Please try again.","success","1200","2026-03-20T03:56:07.888Z",""
"267","مستودعات","ليش سعر الوحدة يختلف عن متوسط السعر؟","Sorry, I encountered an error. Please try again.","success","1823","2026-03-20T03:56:11.721Z",""
"268","مستودعات","كيف أحسب القيمة الكلية للأصناف؟","Sorry, I encountered an error. Please try again.","success","1200","2026-03-20T03:56:14.932Z",""
"269","مستودعات","وش هي الكمية المطلوبة/المعتمدة في طلب الصرف؟","Sorry, I encountered an error. Please try again.","success","1178","2026-03-20T03:56:18.120Z",""
"270","مستودعات","كيف أعتمد طلب الصرف من مدير الجهة الطالبة؟","Sorry, I encountered an error. Please try again.","success","1171","2026-03-20T03:56:21.301Z",""
"271","مستودعات","ليش طلب الصرف صار معتمد من الجهة الطالبة غير مراجع من المستودعات؟","Sorry, I encountered an error. Please try again.","success","1178","2026-03-20T03:56:24.491Z",""
"272","مستودعات","كيف أسجل محضر استلام جديد؟","Sorry, I encountered an error. Please try again.","success","1186","2026-03-20T03:56:27.688Z",""
"273","مستودعات","وش الفرق بين أنواع محاضر الاستلام؟","Sorry, I encountered an error. Please try again.","success","1187","2026-03-20T03:56:30.887Z",""
"274","مستودعات","كيف أسجل محضر فحص في النظام؟","Sorry, I encountered an error. Please try again.","success","1186","2026-03-20T03:56:34.084Z",""
"275","مستودعات","ليش ما يظهر عندي رقم التعميد في محضر الاستلام؟","Sorry, I encountered an error. Please try again.","success","1178","2026-03-20T03:56:37.271Z",""
"276","مستودعات","كيف أضيف الأصناف في محضر الاستلام؟","Sorry, I encountered an error. Please try again.","success","1176","2026-03-20T03:56:40.456Z",""
"277","مستودعات","وش هي الأرقام التسلسلية للقطع وكيف أضيفها؟","Sorry, I encountered an error. Please try again.","success","1209","2026-03-20T03:56:43.676Z",""
"278","مستودعات","ليش بعض الأصناف ما تطلب تاريخ صلاحية؟","Sorry, I encountered an error. Please try again.","success","1199","2026-03-20T03:56:46.886Z",""
"279","مستودعات","كيف أحدد إذا الصنف يخضع للضريبة أو لا؟","Sorry, I encountered an error. Please try again.","success","1178","2026-03-20T03:56:50.074Z",""
"280","مستودعات","كيف أحسب صافي سعر الوحدة بعد الضريبة؟","Sorry, I encountered an error. Please try again.","success","1208","2026-03-20T03:56:53.293Z",""
"281","مستودعات","ليش قيمة الضريبة تختلف على كل صنف؟","Sorry, I encountered an error. Please try again.","success","1187","2026-03-20T03:56:56.489Z",""
"282","مستودعات","كيف أضيف نسبة خصم على محضر الاستلام؟","Sorry, I encountered an error. Please try again.","success","1203","2026-03-20T03:56:59.702Z",""
"283","مستودعات","وش الفرق بين نسبة الخصم وقيمة الخصم؟","Sorry, I encountered an error. Please try again.","success","1201","2026-03-20T03:57:02.914Z",""
"284","مستودعات","كيف أوزع الخصم على الأصناف المستلمة؟","Sorry, I encountered an error. Please try again.","success","1210","2026-03-20T03:57:06.134Z",""
"285","مستودعات","كيف أعتمد محضر الاستلام من مدير الجهة المستلمة؟","Sorry, I encountered an error. Please try again.","success","1225","2026-03-20T03:57:09.371Z",""
"286","مستودعات","ليش محضر الاستلام ما يظهر عند المدير؟","Sorry, I encountered an error. Please try again.","success","1202","2026-03-20T03:57:12.585Z",""
"287","مستودعات","وش هي حالة المستند معتمد من الجهة المستلمة؟","Sorry, I encountered an error. Please try again.","success","1202","2026-03-20T03:57:15.797Z",""
"288","مستودعات","كيف أسجل طلب إرجاع عهدة للمستودعات؟","Sorry, I encountered an error. Please try again.","success","1216","2026-03-20T03:57:19.025Z",""
"289","مستودعات","ليش ما أقدر أرجع عهدة مسجلة على موظف ثاني؟","Sorry, I encountered an error. Please try again.","success","1196","2026-03-20T03:57:22.231Z",""
"290","مستودعات","كيف أختار الأصناف المراد إرجاعها في طلب الارجاع؟","Sorry, I encountered an error. Please try again.","success","1136","2026-03-20T03:57:25.378Z",""
"291","مستودعات","ليش بعض الأصناف ما تظهر في طلب الارجاع؟","Sorry, I encountered an error. Please try again.","success","1231","2026-03-20T03:57:28.621Z",""
"292","مستودعات","كيف أبحث عن عهدة معينة ضمن العهد المسجلة؟","Sorry, I encountered an error. Please try again.","success","1104","2026-03-20T03:57:31.736Z",""
"293","مستودعات","وش هي أسباب الإرجاع المعرفة في النظام؟","Sorry, I encountered an error. Please try again.","success","1245","2026-03-20T03:57:34.993Z",""
"294","مستودعات","كيف أعتمد طلبات الارجاع كرئيس لجنة الارجاع؟","Sorry, I encountered an error. Please try again.","success","1214","2026-03-20T03:57:38.218Z",""
"295","مستودعات","ليش ما أقدر أعتمد طلب الارجاع مع أني رئيس اللجنة؟","Sorry, I encountered an error. Please try again.","success","1223","2026-03-20T03:57:41.451Z",""
"296","مستودعات","كيف أعدل على الأصناف في طلب الارجاع قبل الاعتماد؟","Sorry, I encountered an error. Please try again.","success","1231","2026-03-20T03:57:44.695Z",""
"297","مستودعات","وش هي مراجعة طلبات التأمين من المستودعات؟","Sorry, I encountered an error. Please try again.","success","1230","2026-03-20T03:57:47.937Z",""
"298","مستودعات","كيف أحدد الكمية المتوفرة من الصنف في المستودع؟","Sorry, I encountered an error. Please try again.","success","1230","2026-03-20T03:57:51.178Z",""
"299","مستودعات","وش الفرق بين الكمية المتوفرة والمتاحة والمحجوزة؟","Sorry, I encountered an error. Please try again.","success","1875","2026-03-20T03:57:55.065Z",""
"300","مستودعات","كيف أحدد نتيجة المراجعة للصنف (متوفر/غير متوفر)؟","Sorry, I encountered an error. Please try again.","success","1198","2026-03-20T03:57:58.273Z",""
"301","مستودعات","ليش الكمية المتوفرة أقل من اللي في المستودع؟","Sorry, I encountered an error. Please try again.","success","1210","2026-03-20T03:58:01.493Z",""
"302","استعلامات","كيف أطبع كشف أرصدة العهد للموظفين؟","Sorry, I encountered an error. Please try again.","success","1200","2026-03-20T03:58:04.704Z",""
"303","استعلامات","وش الفرق بين الكشف المفصل والمختصر للعهد؟","Sorry, I encountered an error. Please try again.","success","1211","2026-03-20T03:58:07.925Z",""
"304","استعلامات","ليش ما تظهر الأرقام التسلسلية في كشف العهد؟","Sorry, I encountered an error. Please try again.","success","1204","2026-03-20T03:58:11.141Z",""
"305","استعلامات","كيف أستعلم عن عهد موظف معين؟","Sorry, I encountered an error. Please try again.","success","1223","2026-03-20T03:58:14.375Z",""
"306","عهد","وش هي بطاقة عهدة وكيف أطلعها؟","Sorry, I encountered an error. Please try again.","success","1204","2026-03-20T03:58:17.590Z",""
"307","مستودعات","كيف أضيف مستودع جديد في الإعدادات؟","Sorry, I encountered an error. Please try again.","success","1208","2026-03-20T03:58:20.809Z",""
"308","مستودعات","ليش المستودع ما يظهر في القائمة مع إنه مضاف؟","Sorry, I encountered an error. Please try again.","success","1248","2026-03-20T03:58:24.069Z",""
"309","تكليف","كم مدة التكليف الجزئي والكلي للموظف؟","Sorry, I encountered an error. Please try again.","success","1228","2026-03-20T03:58:27.318Z",""
"310","تكليف","كيف أسجل طلب تكليف للتابعين لي بالعمل خارج الدوام؟","Sorry, I encountered an error. Please try again.","success","1220","2026-03-20T03:58:30.549Z",""
"311","تكليف","ليش ما أقدر أكلف موظف بالعمل خارج الدوام؟","Sorry, I encountered an error. Please try again.","success","1232","2026-03-20T03:58:33.793Z",""
"312","مكافآت","وش هي مكافأة العمل خارج الدوام وكيف تحسب؟","Sorry, I encountered an error. Please try again.","success","1210","2026-03-20T03:58:37.013Z",""
"313","تكليف","كيف أسجل طلب إفادة عن تكليف خارج الدوام؟","Sorry, I encountered an error. Please try again.","success","1232","2026-03-20T03:58:40.256Z",""
"314","تكليف","ليش ما يظهر قرار التكليف عند تسجيل الإفادة؟","Sorry, I encountered an error. Please try again.","success","1234","2026-03-20T03:58:43.501Z",""
"315","نقل","كيف أنقل موظف من جهة لأخرى؟","Sorry, I encountered an error. Please try again.","success","1886","2026-03-20T03:58:47.399Z",""
"316","نقل","هل يجوز نقل الموظف أثناء فترة التجربة؟","Sorry, I encountered an error. Please try again.","success","1229","2026-03-20T03:58:50.650Z",""
"317","نقل","ليش ما أقدر أنقل لوظيفة أقل مرتبة؟","Sorry, I encountered an error. Please try again.","success","1871","2026-03-20T03:58:54.532Z",""
"318","إعارة","كيف أطلب إعارة للعمل في جهة ثانية؟","Sorry, I encountered an error. Please try again.","success","1244","2026-03-20T03:58:57.786Z",""
"319","إعارة","كم أقصى مدة للإعارة في الخدمة المدنية؟","Sorry, I encountered an error. Please try again.","success","1234","2026-03-20T03:59:01.031Z",""
"320","إعارة","هل أحتفظ بوظيفتي أثناء الإعارة؟","Sorry, I encountered an error. Please try again.","success","1257","2026-03-20T03:59:04.299Z",""
"321","إعارة","كيف أطلب استعارة موظف من جهة ثانية؟","Sorry, I encountered an error. Please try again.","success","1865","2026-03-20T03:59:08.174Z",""
"322","إعارة","وش الفرق بين الإعارة والاستعارة؟","Sorry, I encountered an error. Please try again.","success","1231","2026-03-20T03:59:11.419Z",""
"323","تقاعد","كيف أطلب تمديد خدمتي بعد سن التقاعد؟","Sorry, I encountered an error. Please try again.","success","1226","2026-03-20T03:59:14.656Z",""
"324","تقاعد","كم أقصى مدة لتمديد الخدمة؟","Sorry, I encountered an error. Please try again.","success","1218","2026-03-20T03:59:17.885Z",""
"325","تقاعد","ما هي شروط تمديد الخدمة؟","Sorry, I encountered an error. Please try again.","success","1241","2026-03-20T03:59:21.137Z",""
"326","تعيين","كيف أتأكد من اللياقة الصحية للتعيين؟","Sorry, I encountered an error. Please try again.","success","1236","2026-03-20T03:59:24.384Z",""
"327","تعيين","كم مدة صلاحية نتيجة فحص اللياقة الصحية؟","Sorry, I encountered an error. Please try again.","success","1242","2026-03-20T03:59:27.637Z",""
"328","تعيين","وش هي الأمراض اللي تمنع التعيين؟","Sorry, I encountered an error. Please try again.","success","1219","2026-03-20T03:59:30.867Z",""
"329","استقالة","كيف أتقدم بطلب استقالة؟","Sorry, I encountered an error. Please try again.","success","1221","2026-03-20T03:59:34.099Z",""
"330","استقالة","كم مدة معالجة طلب الاستقالة؟","Sorry, I encountered an error. Please try again.","success","1242","2026-03-20T03:59:37.349Z",""
"331","استقالة","هل أقدر أرجع في الاستقالة بعد تقديمها؟","Sorry, I encountered an error. Please try again.","success","1230","2026-03-20T03:59:40.590Z",""
"332","استقالة","ليش ما تقبل استقالتي وأنا تحت التحقيق؟","Sorry, I encountered an error. Please try again.","success","1242","2026-03-20T03:59:43.842Z",""
"333","تقاعد","كيف أطلب إحالة على التقاعد المبكر؟","Sorry, I encountered an error. Please try again.","success","1249","2026-03-20T03:59:47.105Z",""
"334","تقاعد","كم سنة خدمة للتقاعد المبكر؟","Sorry, I encountered an error. Please try again.","success","1261","2026-03-20T03:59:50.378Z",""
"335","إنهاء خدمة","وش هي حالات إنهاء الخدمة في النظام؟","Sorry, I encountered an error. Please try again.","success","1249","2026-03-20T03:59:53.638Z",""
"336","إنهاء خدمة","كيف يتم إنهاء خدمة الموظف للعجز الصحي؟","Sorry, I encountered an error. Please try again.","success","1223","2026-03-20T03:59:56.872Z",""
"337","إنهاء خدمة","هل أقدر أرجع للخدمة بعد إنهائها للعجز الصحي؟","Sorry, I encountered an error. Please try again.","success","1249","2026-03-20T04:00:00.132Z",""
"338","إنهاء خدمة","كم مدة الانقطاع عن العمل اللي تؤدي للفصل؟","Sorry, I encountered an error. Please try again.","success","1157","2026-03-20T04:00:03.300Z",""
"339","إنهاء خدمة","ما هي حالات الفصل بقوة النظام؟","Sorry, I encountered an error. Please try again.","success","1225","2026-03-20T04:00:06.535Z",""
"340","واجبات","كيف أتأكد من الواجبات الوظيفية اللي لازم ألتزم فيها؟","Sorry, I encountered an error. Please try again.","success","1258","2026-03-20T04:00:09.806Z",""
"341","واجبات","وش المحظورات في السلوك الوظيفي؟","Sorry, I encountered an error. Please try again.","success","1251","2026-03-20T04:00:13.068Z",""
"342","واجبات","هل مسموح أشتغل في القطاع الخاص وأنا موظف حكومي؟","Sorry, I encountered an error. Please try again.","success","1131","2026-03-20T04:00:16.212Z",""
"343","واجبات","كيف أتعامل مع المعلومات السرية في العمل؟","Sorry, I encountered an error. Please try again.","success","1258","2026-03-20T04:00:19.481Z",""
"344","بيئة عمل","وش هي ساعات العمل الرسمية في رمضان؟","Sorry, I encountered an error. Please try again.","success","1250","2026-03-20T04:00:22.742Z",""
"345","بيئة عمل","كم ساعات العمل الرسمية في الأيام العادية؟","Sorry, I encountered an error. Please try again.","success","1246","2026-03-20T04:00:26.000Z",""
"346","بيئة عمل","ما هي أيام العمل الرسمية؟","Sorry, I encountered an error. Please try again.","success","1237","2026-03-20T04:00:29.248Z",""
"347","بيئة عمل","هل فيه دوام مرن في الجهة؟","Sorry, I encountered an error. Please try again.","success","1886","2026-03-20T04:00:33.146Z",""
"348","مكافآت","كيف تحسب مكافأة الورديات؟","Sorry, I encountered an error. Please try again.","success","1240","2026-03-20T04:00:36.397Z",""
"349","إجازات","وش هي إجازة تعويض العطل الرسمية؟","Sorry, I encountered an error. Please try again.","success","1244","2026-03-20T04:00:39.654Z",""
"350","إجازات","كيف تعوض العطل الرسمية إذا وافقت عطلة؟","Sorry, I encountered an error. Please try again.","success","1288","2026-03-20T04:00:42.952Z",""
"351","إجازات","وش هي عطلة اليوم الوطني وعطلة التأسيس؟","Sorry, I encountered an error. Please try again.","success","1234","2026-03-20T04:00:46.197Z",""
"352","إجازات","كم مدة عطلة عيد الفطر وعيد الأضحى؟","Sorry, I encountered an error. Please try again.","success","1262","2026-03-20T04:00:49.470Z",""
"353","إجازات","كيف أطلب تعويض عن العمل في العطل الرسمية؟","Sorry, I encountered an error. Please try again.","success","1922","2026-03-20T04:00:53.403Z",""
"354","إجازات","ليش ما تظهر العطل الرسمية في رصيد الإجازة؟","Sorry, I encountered an error. Please try again.","success","1249","2026-03-20T04:00:56.661Z",""
"355","مرافقين","كيف أعرف فئات الأقارب حتى الدرجة الرابعة؟","Sorry, I encountered an error. Please try again.","success","1252","2026-03-20T04:00:59.923Z",""
"356","مرافقين","من هم الأقارب من الدرجة الثالثة؟","Sorry, I encountered an error. Please try again.","success","1253","2026-03-20T04:01:03.187Z",""
"357","مرافقين","من هم الأقارب من الدرجة الرابعة؟","Sorry, I encountered an error. Please try again.","success","1252","2026-03-20T04:01:06.450Z",""
"358","مرافقين","كيف أعرف إذا القريب من الدرجة الأولى أو الثانية؟","Sorry, I encountered an error. Please try again.","success","1269","2026-03-20T04:01:09.729Z",""
"359","إجازات","وش هي إجازة مرافقة الزوجة للعلاج؟","Sorry, I encountered an error. Please try again.","success","1248","2026-03-20T04:01:12.989Z",""
"360","إجازات","هل أحتاج تقرير طبي لإجازة مرافقة مريض؟","Sorry, I encountered an error. Please try again.","success","1164","2026-03-20T04:01:16.164Z",""
"361","تعيين","كيف أتأكد من توفر المؤهل المطلوب للوظيفة؟","Sorry, I encountered an error. Please try again.","success","1247","2026-03-20T04:01:19.421Z",""
"362","تعيين","ما هي شروط التعيين في الخدمة المدنية؟","Sorry, I encountered an error. Please try again.","success","1257","2026-03-20T04:01:22.689Z",""
"363","تعيين","هل يجوز التعيين لغير السعودي؟","Sorry, I encountered an error. Please try again.","success","1937","2026-03-20T04:01:26.636Z",""
"364","ترقية","كيف أتحسن للمستوى الوظيفي الأعلى؟","Sorry, I encountered an error. Please try again.","success","1146","2026-03-20T04:01:29.793Z",""
"365","ترقية","ما هي شروط الترقية للمرتبة العاشرة فما دون؟","Sorry, I encountered an error. Please try again.","success","1268","2026-03-20T04:01:33.070Z",""
"366","ترقية","ليش ما أنظر للترقية وأنا مبتعث؟","Sorry, I encountered an error. Please try again.","success","1151","2026-03-20T04:01:36.232Z",""
"367","ترقية","كيف تتم المفاضلة في الترقيات؟","Sorry, I encountered an error. Please try again.","success","1282","2026-03-20T04:01:39.526Z",""
"368","ترقية","ما هي الترقية الاستثنائية وشروطها؟","Sorry, I encountered an error. Please try again.","success","1264","2026-03-20T04:01:42.800Z",""
"369","ترقية","كم عدد الترقيات الاستثنائية المسموحة؟","Sorry, I encountered an error. Please try again.","success","1922","2026-03-20T04:01:46.734Z",""
"370","عمل عن بعد","كيف أعرف إذا الوظيفة قابلة للعمل عن بعد؟","Sorry, I encountered an error. Please try again.","success","1174","2026-03-20T04:01:49.919Z",""
"371","عمل عن بعد","ما هي شروط العمل عن بعد؟","Sorry, I encountered an error. Please try again.","success","1284","2026-03-20T04:01:53.215Z",""
"372","عمل عن بعد","كيف أطلب العمل عن بعد؟","Sorry, I encountered an error. Please try again.","success","1156","2026-03-20T04:01:56.381Z",""
"373","عمل عن بعد","متى يتم إنهاء العمل عن بعد؟","Sorry, I encountered an error. Please try again.","success","1926","2026-03-20T04:02:00.319Z",""
"374","تعاقد","وش الفرق بين التعاقد بدوام كامل وجزئي؟","Sorry, I encountered an error. Please try again.","success","1155","2026-03-20T04:02:03.485Z",""
"375","تعاقد","كم نسبة ساعات العمل في التعاقد الجزئي؟","Sorry, I encountered an error. Please try again.","success","1272","2026-03-20T04:02:06.768Z",""
"376","تعاقد","ما هو التعاقد المؤقت وكم مدته؟","Sorry, I encountered an error. Please try again.","success","1173","2026-03-20T04:02:09.952Z",""
"377","تعاقد","هل يجوز التعاقد مع متقاعد؟","Sorry, I encountered an error. Please try again.","success","1280","2026-03-20T04:02:13.241Z",""
"378","تعاقد","كيف أتعاقد مع غير سعودي؟","Sorry, I encountered an error. Please try again.","success","1176","2026-03-20T04:02:16.428Z",""
"379","تعاقد","وش هو برنامج الكفاءات المتميزة؟","Sorry, I encountered an error. Please try again.","success","1296","2026-03-20T04:02:19.736Z",""
"380","تعريفات","ما هو إطار العمل التنظيمي؟","Sorry, I encountered an error. Please try again.","success","1163","2026-03-20T04:02:22.910Z",""
"381","تعريفات","وش معنى تصنيف الوظائف في الخدمة المدنية؟","Sorry, I encountered an error. Please try again.","success","1260","2026-03-20T04:02:26.180Z",""
"382","تعريفات","ما هي إدارة الموارد البشرية؟","Sorry, I encountered an error. Please try again.","success","1173","2026-03-20T04:02:29.363Z",""
"383","تعريفات","وش معنى المهمة الرسمية للموظف؟","Sorry, I encountered an error. Please try again.","success","1277","2026-03-20T04:02:32.651Z",""
"384","أخبار","كيف أضيف تعليق على خبر في البوابة؟","Sorry, I encountered an error. Please try again.","success","1159","2026-03-20T04:02:35.821Z",""
"385","أخبار","ليش ما تظهر الصور في الأخبار؟","Sorry, I encountered an error. Please try again.","success","1279","2026-03-20T04:02:39.112Z",""
"386","أخبار","كيف أخفي خبر معين من البوابة؟","Sorry, I encountered an error. Please try again.","success","1161","2026-03-20T04:02:42.283Z",""
"387","أخبار","وش معنى إخفاء الخبر في إدارة الأخبار؟","Sorry, I encountered an error. Please try again.","success","1277","2026-03-20T04:02:45.574Z",""
"388","أخبار","كيف أضيف صورة للخبر؟","Sorry, I encountered an error. Please try again.","success","1149","2026-03-20T04:02:48.735Z",""
"389","أخبار","كم مدة صلاحية الأخبار في البوابة؟","Sorry, I encountered an error. Please try again.","success","1265","2026-03-20T04:02:52.010Z",""
"390","بوابة","كيف أغير لغة البوابة؟","Sorry, I encountered an error. Please try again.","success","1172","2026-03-20T04:02:55.193Z",""
"391","بوابة","ليش البوابة تفتح بالإنجليزي مع أني سايبها عربي؟","Sorry, I encountered an error. Please try again.","success","1297","2026-03-20T04:02:58.501Z",""
"392","بوابة","كيف أغير لون واجهة النظام؟","Sorry, I encountered an error. Please try again.","success","1150","2026-03-20T04:03:01.662Z",""
"393","بوابة","وش معنى قائمة الإخطارات قيد الانتظار؟","Sorry, I encountered an error. Please try again.","success","1271","2026-03-20T04:03:04.947Z",""
"394","بوابة","كيف أعدل بياناتي في الملف الشخصي؟","Sorry, I encountered an error. Please try again.","success","1188","2026-03-20T04:03:08.145Z",""
"395","بوابة","ليش ما أقدر أغير البريد الإلكتروني في الملف الشخصي؟","Sorry, I encountered an error. Please try again.","success","1281","2026-03-20T04:03:11.437Z",""
"396","بوابة","كيف أسوي تسجيل خروج آمن من البوابة؟","Sorry, I encountered an error. Please try again.","success","1151","2026-03-20T04:03:14.598Z",""
"397","بوابة","وش رقم النسخة الحالية للبوابة؟","Sorry, I encountered an error. Please try again.","success","1294","2026-03-20T04:03:17.903Z",""
"398","بوابة","كيف أبحث عن قائمة معينة في البوابة؟","Sorry, I encountered an error. Please try again.","success","1169","2026-03-20T04:03:21.082Z",""
"399","بوابة","ليش ما تظهر بعض القوائم عندي؟","Sorry, I encountered an error. Please try again.","success","1288","2026-03-20T04:03:24.381Z",""
"400","إعدادات","كيف أتحكم في ظهور الشاشات للمستخدمين؟","Sorry, I encountered an error. Please try again.","success","1155","2026-03-20T04:03:27.547Z",""
"401","إعدادات","وش الفرق بين تظهر في النظام و تظهر لمدير النظام؟","Sorry, I encountered an error. Please try again.","success","1287","2026-03-20T04:03:30.844Z",""
"402","إعدادات","كيف أحدد ترتيب ظهور الشاشات في القائمة؟","Sorry, I encountered an error. Please try again.","success","1193","2026-03-20T04:03:34.049Z",""
"403","إعدادات","ليش بعض أنواع الإجازات ما تظهر في الاستعلام؟","Sorry, I encountered an error. Please try again.","success","1296","2026-03-20T04:03:37.357Z",""
"404","إعدادات","كيف أفعل طباعة النموذج للطلبات؟","Sorry, I encountered an error. Please try again.","success","1183","2026-03-20T04:03:40.551Z",""
"405","إعدادات","وش هي إعدادات نسيت كلمة السر في البوابة؟","Sorry, I encountered an error. Please try again.","success","1282","2026-03-20T04:03:43.843Z",""
"406","إعدادات","كيف أغير طريقة إرسال رمز التحقق؟","Sorry, I encountered an error. Please try again.","success","1164","2026-03-20T04:03:47.020Z",""
"407","إعدادات","ليش ما يوصلني رمز التحقق على الإيميل؟","Sorry, I encountered an error. Please try again.","success","1300","2026-03-20T04:03:50.330Z",""
"408","إعدادات","كيف أحدد البريد الإلكتروني إجباري للموظفين؟","Sorry, I encountered an error. Please try again.","success","1182","2026-03-20T04:03:53.524Z",""
"409","إعدادات","وش معنى تسجيل الدخول تلقائياً اعتماداً على Active Directory؟","Sorry, I encountered an error. Please try again.","success","1968","2026-03-20T04:03:57.502Z",""
"410","إعدادات","كيف أضيف مستخدمين جدد للبوابة؟","Sorry, I encountered an error. Please try again.","success","1179","2026-03-20T04:04:00.690Z",""
"411","إعدادات","ليش بعض الموظفين ما يظهرون في تعريف المستخدمين الجدد؟","Sorry, I encountered an error. Please try again.","success","1457","2026-03-20T04:04:04.158Z",""
"412","إعدادات","كيف أعين مدير للنظام؟","Sorry, I encountered an error. Please try again.","success","1177","2026-03-20T04:04:07.346Z",""
"413","إعدادات","وش صلاحيات مدير النظام؟","Sorry, I encountered an error. Please try again.","success","1290","2026-03-20T04:04:10.647Z",""
"414","إعدادات","كيف أشوف مستخدمي البوابة الحاليين؟","Sorry, I encountered an error. Please try again.","success","1164","2026-03-20T04:04:13.823Z",""
"415","إعدادات","كيف أغير صلاحية مستخدم من مدير إلى عادي؟","Sorry, I encountered an error. Please try again.","success","1315","2026-03-20T04:04:17.148Z",""
"416","إعدادات","ليش بعض المستخدمين يتعطل دخولهم للبوابة؟","Sorry, I encountered an error. Please try again.","success","1177","2026-03-20T04:04:20.336Z",""
"417","إعدادات","كيف أطبع كشف بالمستخدمين المعاد تفعيلهم؟","Sorry, I encountered an error. Please try again.","success","1991","2026-03-20T04:04:24.337Z",""
"418","ترقية","ما هي معايير المفاضلة في الترقيات؟","Sorry, I encountered an error. Please try again.","success","1206","2026-03-20T04:04:27.554Z",""
"419","ترقية","كيف تحسب الأقدمية في التساوي بالترقية؟","Sorry, I encountered an error. Please try again.","success","1327","2026-03-20T04:04:30.892Z",""
"420","ترقية","ما هي المدد اللي لا تحتسب لغرض الخبرة في الترقية؟","Sorry, I encountered an error. Please try again.","success","1186","2026-03-20T04:04:34.088Z",""
"421","ترقية","كيف أترقى للمرتبة الرابعة عشرة؟","Sorry, I encountered an error. Please try again.","success","1303","2026-03-20T04:04:37.401Z",""
"422","ترقية","كم سنة خبرة مطلوبة للترقية للمرتبة الخامسة عشرة؟","Sorry, I encountered an error. Please try again.","success","1174","2026-03-20T04:04:40.584Z",""
"423","ترقية","كيف أتأكد من توفر شروط الترقية لدي؟","Sorry, I encountered an error. Please try again.","success","1297","2026-03-20T04:04:43.890Z",""
"424","ترقية","ليش ما أترقى مع أن مؤهلاتي مناسبة؟","Sorry, I encountered an error. Please try again.","success","1193","2026-03-20T04:04:47.094Z",""
"425","ترقية","هل الترقية حق مكتسب للموظف؟","Sorry, I encountered an error. Please try again.","success","1320","2026-03-20T04:04:50.424Z",""
"426","وظائف","كيف يتم إحداث الوظائف في الميزانية؟","Sorry, I encountered an error. Please try again.","success","1198","2026-03-20T04:04:53.632Z",""
"427","وظائف","هل يجوز تعديل المسمى الوظيفي؟","Sorry, I encountered an error. Please try again.","success","1949","2026-03-20T04:04:57.593Z",""
"428","وظائف","كيف أخفض مرتبة وظيفة؟","Sorry, I encountered an error. Please try again.","success","1212","2026-03-20T04:05:00.817Z",""
"429","وظائف","وش هو الوصف الوظيفي ومن يعده؟","Sorry, I encountered an error. Please try again.","success","1331","2026-03-20T04:05:04.164Z",""
"430","وظائف","كيف أعرف متطلبات الوظيفة الفعلية؟","Sorry, I encountered an error. Please try again.","success","1205","2026-03-20T04:05:07.379Z",""
"431","تقييم","ما هي إدارة الأداء في الخدمة المدنية؟","Sorry, I encountered an error. Please try again.","success","2009","2026-03-20T04:05:11.399Z",""
"432","تقييم","ما أهداف عملية إدارة الأداء؟","Sorry, I encountered an error. Please try again.","success","1206","2026-03-20T04:05:14.615Z",""
"433","تقييم","كيف يتم تقويم أداء الموظف؟","Sorry, I encountered an error. Please try again.","success","1321","2026-03-20T04:05:17.946Z",""
"434","تقييم","هل يجوز تعديل تقويم الأداء بعد اعتماده؟","Sorry, I encountered an error. Please try again.","success","1200","2026-03-20T04:05:21.157Z",""
"435","تقييم","كيف أتظلم من نتيجة تقويم الأداء؟","Sorry, I encountered an error. Please try again.","success","1314","2026-03-20T04:05:24.483Z",""
"436","تقييم","كم مرة يتم تقويم الموظف خلال فترة التجربة؟","Sorry, I encountered an error. Please try again.","success","1205","2026-03-20T04:05:27.699Z",""
"437","إجازات","ما هي مدة الإجازة العادية المستحقة؟","Sorry, I encountered an error. Please try again.","success","1344","2026-03-20T04:05:31.054Z",""
"438","إجازات","هل يجوز صرف راتب الإجازة مقدماً؟","Sorry, I encountered an error. Please try again.","success","1207","2026-03-20T04:05:34.272Z",""
"439","إجازات","كم أقصى مدة لترحيل الإجازة العادية؟","Sorry, I encountered an error. Please try again.","success","1314","2026-03-20T04:05:37.599Z",""
"440","إجازات","كم عدد أيام الإجازة العادية اللي أقدر أخذها في السنة؟","Sorry, I encountered an error. Please try again.","success","1195","2026-03-20T04:05:40.803Z",""
"441","إجازات","كيف أحسب تعويض الإجازة عند انتهاء الخدمة؟","Sorry, I encountered an error. Please try again.","success","1338","2026-03-20T04:05:44.153Z",""
"442","إجازات","ما هي المدد اللي لا تدخل في حساب رصيد الإجازة؟","Sorry, I encountered an error. Please try again.","success","1202","2026-03-20T04:05:47.365Z",""
"443","إجازات","كيف تحسب إجازة العاملين في مجال التعليم؟","Sorry, I encountered an error. Please try again.","success","1342","2026-03-20T04:05:50.717Z",""
"444","إجازات","ما هي إجازة الامتحان الدراسي؟","Sorry, I encountered an error. Please try again.","success","1201","2026-03-20T04:05:53.928Z",""
"445","إجازات","كم يوم قبل الامتحان أحق فيه إجازة؟","Sorry, I encountered an error. Please try again.","success","1346","2026-03-20T04:05:57.283Z",""
